{
  "trained_at": "2025-11-23T18:54:42.258213",
  "n_students": 9,
  "n_embeddings": 920,
  "average_test_accuracy": 0.9933574879227053,
  "average_test_f1": 0.9725194021889693,
  "per_student_metrics": {
    "FPALANTU802": {
      "train_accuracy": 0.9945652173913043,
      "test_accuracy": 0.9891304347826086,
      "test_precision": 0.9583333333333334,
      "test_recall": 0.9583333333333334,
      "test_f1": 0.9583333333333334,
      "n_positive": 120,
      "n_negative": 800,
      "n_train": 736,
      "n_test": 184,
      "class_weight_positive": 3.8333333333333335,
      "class_weight_negative": 0.575
    },
    "FPALBERT968": {
      "train_accuracy": 0.9959239130434783,
      "test_accuracy": 1.0,
      "test_precision": 1.0,
      "test_recall": 1.0,
      "test_f1": 1.0,
      "n_positive": 80,
      "n_negative": 840,
      "n_train": 736,
      "n_test": 184,
      "class_weight_positive": 5.75,
      "class_weight_negative": 0.5476190476190477
    },
    "FPHAYAOM926": {
      "train_accuracy": 0.9972826086956522,
      "test_accuracy": 1.0,
      "test_precision": 1.0,
      "test_recall": 1.0,
      "test_f1": 1.0,
      "n_positive": 80,
      "n_negative": 840,
      "n_train": 736,
      "n_test": 184,
      "class_weight_positive": 5.75,
      "class_weight_negative": 0.5476190476190477
    },
    "FPISAACN294": {
      "train_accuracy": 1.0,
      "test_accuracy": 0.9945652173913043,
      "test_precision": 0.9230769230769231,
      "test_recall": 1.0,
      "test_f1": 0.96,
      "n_positive": 60,
      "n_negative": 860,
      "n_train": 736,
      "n_test": 184,
      "class_weight_positive": 7.666666666666667,
      "class_weight_negative": 0.5348837209302325
    },
    "FPLIONEL568": {
      "train_accuracy": 0.9823369565217391,
      "test_accuracy": 0.9836956521739131,
      "test_precision": 0.9032258064516129,
      "test_recall": 1.0,
      "test_f1": 0.9491525423728814,
      "n_positive": 140,
      "n_negative": 780,
      "n_train": 736,
      "n_test": 184,
      "class_weight_positive": 3.2857142857142856,
      "class_weight_negative": 0.5897435897435898
    },
    "FPMAHMOU556": {
      "train_accuracy": 1.0,
      "test_accuracy": 0.9945652173913043,
      "test_precision": 1.0,
      "test_recall": 0.9583333333333334,
      "test_f1": 0.9787234042553191,
      "n_positive": 120,
      "n_negative": 800,
      "n_train": 736,
      "n_test": 184,
      "class_weight_positive": 3.8333333333333335,
      "class_weight_negative": 0.575
    },
    "FPMOUSAT191": {
      "train_accuracy": 0.9945652173913043,
      "test_accuracy": 0.9945652173913043,
      "test_precision": 1.0,
      "test_recall": 0.9583333333333334,
      "test_f1": 0.9787234042553191,
      "n_positive": 120,
      "n_negative": 800,
      "n_train": 736,
      "n_test": 184,
      "class_weight_positive": 3.8333333333333335,
      "class_weight_negative": 0.575
    },
    "FPNELSON746": {
      "train_accuracy": 0.9932065217391305,
      "test_accuracy": 0.9891304347826086,
      "test_precision": 0.9230769230769231,
      "test_recall": 1.0,
      "test_f1": 0.96,
      "n_positive": 120,
      "n_negative": 800,
      "n_train": 736,
      "n_test": 184,
      "class_weight_positive": 3.8333333333333335,
      "class_weight_negative": 0.575
    },
    "FPSHAHRU562": {
      "train_accuracy": 0.998641304347826,
      "test_accuracy": 0.9945652173913043,
      "test_precision": 1.0,
      "test_recall": 0.9375,
      "test_f1": 0.967741935483871,
      "n_positive": 80,
      "n_negative": 840,
      "n_train": 736,
      "n_test": 184,
      "class_weight_positive": 5.75,
      "class_weight_negative": 0.5476190476190477
    }
  },
  "classifier_path": "C:\\Users\\4bais\\Vision-Based-Class-Attendance-System\\backend\\classifiers\\face_classifier.pkl",
  "classifier_type": "binary_per_student"
}