{
  "trained_at": "2025-11-23T22:21:09.077107",
  "n_students": 10,
  "n_embeddings": 1080,
  "average_test_accuracy": 0.9916666666666668,
  "average_test_f1": 0.9663094405370434,
  "per_student_metrics": {
    "FPALANTU580": {
      "train_accuracy": 0.9988425925925926,
      "test_accuracy": 1.0,
      "test_precision": 1.0,
      "test_recall": 1.0,
      "test_f1": 1.0,
      "n_positive": 120,
      "n_negative": 960,
      "n_train": 864,
      "n_test": 216,
      "class_weight_positive": 4.5,
      "class_weight_negative": 0.5625
    },
    "FPALBERT407": {
      "train_accuracy": 1.0,
      "test_accuracy": 1.0,
      "test_precision": 1.0,
      "test_recall": 1.0,
      "test_f1": 1.0,
      "n_positive": 100,
      "n_negative": 980,
      "n_train": 864,
      "n_test": 216,
      "class_weight_positive": 5.4,
      "class_weight_negative": 0.5510204081632653
    },
    "FPHAYAOM873": {
      "train_accuracy": 0.9976851851851852,
      "test_accuracy": 1.0,
      "test_precision": 1.0,
      "test_recall": 1.0,
      "test_f1": 1.0,
      "n_positive": 100,
      "n_negative": 980,
      "n_train": 864,
      "n_test": 216,
      "class_weight_positive": 5.4,
      "class_weight_negative": 0.5510204081632653
    },
    "FPISAACN286": {
      "train_accuracy": 1.0,
      "test_accuracy": 1.0,
      "test_precision": 1.0,
      "test_recall": 1.0,
      "test_f1": 1.0,
      "n_positive": 60,
      "n_negative": 1020,
      "n_train": 864,
      "n_test": 216,
      "class_weight_positive": 9.0,
      "class_weight_negative": 0.5294117647058824
    },
    "FPLIONEL285": {
      "train_accuracy": 0.9930555555555556,
      "test_accuracy": 0.9675925925925926,
      "test_precision": 0.8387096774193549,
      "test_recall": 0.9285714285714286,
      "test_f1": 0.8813559322033898,
      "n_positive": 140,
      "n_negative": 940,
      "n_train": 864,
      "n_test": 216,
      "class_weight_positive": 3.857142857142857,
      "class_weight_negative": 0.574468085106383
    },
    "FPMAHMOU123": {
      "train_accuracy": 0.9976851851851852,
      "test_accuracy": 0.9907407407407407,
      "test_precision": 1.0,
      "test_recall": 0.9285714285714286,
      "test_f1": 0.9629629629629629,
      "n_positive": 140,
      "n_negative": 940,
      "n_train": 864,
      "n_test": 216,
      "class_weight_positive": 3.857142857142857,
      "class_weight_negative": 0.574468085106383
    },
    "FPMOUSAT551": {
      "train_accuracy": 0.9826388888888888,
      "test_accuracy": 0.9722222222222222,
      "test_precision": 0.8461538461538461,
      "test_recall": 0.9166666666666666,
      "test_f1": 0.88,
      "n_positive": 120,
      "n_negative": 960,
      "n_train": 864,
      "n_test": 216,
      "class_weight_positive": 4.5,
      "class_weight_negative": 0.5625
    },
    "FPNELSON772": {
      "train_accuracy": 0.9965277777777778,
      "test_accuracy": 0.9861111111111112,
      "test_precision": 0.92,
      "test_recall": 0.9583333333333334,
      "test_f1": 0.9387755102040817,
      "n_positive": 120,
      "n_negative": 960,
      "n_train": 864,
      "n_test": 216,
      "class_weight_positive": 4.5,
      "class_weight_negative": 0.5625
    },
    "FPSHAHRU558": {
      "train_accuracy": 0.9965277777777778,
      "test_accuracy": 1.0,
      "test_precision": 1.0,
      "test_recall": 1.0,
      "test_f1": 1.0,
      "n_positive": 80,
      "n_negative": 1000,
      "n_train": 864,
      "n_test": 216,
      "class_weight_positive": 6.75,
      "class_weight_negative": 0.54
    },
    "TEST_20251123_221006": {
      "train_accuracy": 0.9988425925925926,
      "test_accuracy": 1.0,
      "test_precision": 1.0,
      "test_recall": 1.0,
      "test_f1": 1.0,
      "n_positive": 100,
      "n_negative": 980,
      "n_train": 864,
      "n_test": 216,
      "class_weight_positive": 5.4,
      "class_weight_negative": 0.5510204081632653
    }
  },
  "classifier_path": "C:\\Users\\4bais\\Vision-Based-Class-Attendance-System\\backend\\classifiers\\face_classifier.pkl",
  "classifier_type": "binary_per_student"
}