{
  "trained_at": "2025-11-23T17:44:53.544066",
  "n_students": 9,
  "n_embeddings": 980,
  "average_test_accuracy": 0.9914965986394557,
  "average_test_f1": 0.9685203558250272,
  "per_student_metrics": {
    "FPALANTU781": {
      "train_accuracy": 0.9974489795918368,
      "test_accuracy": 1.0,
      "test_precision": 1.0,
      "test_recall": 1.0,
      "test_f1": 1.0,
      "n_positive": 120,
      "n_negative": 860,
      "n_train": 784,
      "n_test": 196,
      "class_weight_positive": 4.083333333333333,
      "class_weight_negative": 0.5697674418604651
    },
    "FPALBERT468": {
      "train_accuracy": 0.9987244897959183,
      "test_accuracy": 0.9948979591836735,
      "test_precision": 0.9523809523809523,
      "test_recall": 1.0,
      "test_f1": 0.975609756097561,
      "n_positive": 100,
      "n_negative": 880,
      "n_train": 784,
      "n_test": 196,
      "class_weight_positive": 4.9,
      "class_weight_negative": 0.5568181818181818
    },
    "FPHAYAOM470": {
      "train_accuracy": 0.9974489795918368,
      "test_accuracy": 1.0,
      "test_precision": 1.0,
      "test_recall": 1.0,
      "test_f1": 1.0,
      "n_positive": 100,
      "n_negative": 880,
      "n_train": 784,
      "n_test": 196,
      "class_weight_positive": 4.9,
      "class_weight_negative": 0.5568181818181818
    },
    "FPISAACN943": {
      "train_accuracy": 1.0,
      "test_accuracy": 1.0,
      "test_precision": 1.0,
      "test_recall": 1.0,
      "test_f1": 1.0,
      "n_positive": 60,
      "n_negative": 920,
      "n_train": 784,
      "n_test": 196,
      "class_weight_positive": 8.166666666666666,
      "class_weight_negative": 0.532608695652174
    },
    "FPLIONEL337": {
      "train_accuracy": 0.9936224489795918,
      "test_accuracy": 0.9744897959183674,
      "test_precision": 0.8709677419354839,
      "test_recall": 0.9642857142857143,
      "test_f1": 0.9152542372881356,
      "n_positive": 140,
      "n_negative": 840,
      "n_train": 784,
      "n_test": 196,
      "class_weight_positive": 3.5,
      "class_weight_negative": 0.5833333333333334
    },
    "FPMAHMOU799": {
      "train_accuracy": 0.9961734693877551,
      "test_accuracy": 0.9846938775510204,
      "test_precision": 0.9032258064516129,
      "test_recall": 1.0,
      "test_f1": 0.9491525423728814,
      "n_positive": 140,
      "n_negative": 840,
      "n_train": 784,
      "n_test": 196,
      "class_weight_positive": 3.5,
      "class_weight_negative": 0.5833333333333334
    },
    "FPMOUSAT516": {
      "train_accuracy": 0.9846938775510204,
      "test_accuracy": 0.9795918367346939,
      "test_precision": 0.9166666666666666,
      "test_recall": 0.9166666666666666,
      "test_f1": 0.9166666666666666,
      "n_positive": 120,
      "n_negative": 860,
      "n_train": 784,
      "n_test": 196,
      "class_weight_positive": 4.083333333333333,
      "class_weight_negative": 0.5697674418604651
    },
    "FPNELSON976": {
      "train_accuracy": 0.9961734693877551,
      "test_accuracy": 0.9897959183673469,
      "test_precision": 0.9230769230769231,
      "test_recall": 1.0,
      "test_f1": 0.96,
      "n_positive": 120,
      "n_negative": 860,
      "n_train": 784,
      "n_test": 196,
      "class_weight_positive": 4.083333333333333,
      "class_weight_negative": 0.5697674418604651
    },
    "FPSHAHRU833": {
      "train_accuracy": 1.0,
      "test_accuracy": 1.0,
      "test_precision": 1.0,
      "test_recall": 1.0,
      "test_f1": 1.0,
      "n_positive": 80,
      "n_negative": 900,
      "n_train": 784,
      "n_test": 196,
      "class_weight_positive": 6.125,
      "class_weight_negative": 0.5444444444444444
    }
  },
  "classifier_path": "C:\\Users\\4bais\\Vision-Based-Class-Attendance-System\\backend\\classifiers\\face_classifier.pkl",
  "classifier_type": "binary_per_student"
}