{
  "trained_at": "2025-11-25T23:45:34.402888",
  "n_students": 11,
  "n_embeddings": 1180,
  "average_test_accuracy": 0.9930662557781201,
  "average_test_f1": 0.9653190046161423,
  "per_student_metrics": {
    "100061486": {
      "train_accuracy": 0.9989406779661016,
      "test_accuracy": 1.0,
      "test_precision": 1.0,
      "test_recall": 1.0,
      "test_f1": 1.0,
      "n_positive": 100,
      "n_negative": 1080,
      "n_train": 944,
      "n_test": 236,
      "class_weight_positive": 5.9,
      "class_weight_negative": 0.5462962962962963
    },
    "100064692": {
      "train_accuracy": 0.9978813559322034,
      "test_accuracy": 0.9957627118644068,
      "test_precision": 0.9523809523809523,
      "test_recall": 1.0,
      "test_f1": 0.975609756097561,
      "n_positive": 100,
      "n_negative": 1080,
      "n_train": 944,
      "n_test": 236,
      "class_weight_positive": 5.9,
      "class_weight_negative": 0.5462962962962963
    },
    "FPALANTU580": {
      "train_accuracy": 0.9989406779661016,
      "test_accuracy": 0.9915254237288136,
      "test_precision": 0.9583333333333334,
      "test_recall": 0.9583333333333334,
      "test_f1": 0.9583333333333334,
      "n_positive": 120,
      "n_negative": 1060,
      "n_train": 944,
      "n_test": 236,
      "class_weight_positive": 4.916666666666667,
      "class_weight_negative": 0.5566037735849056
    },
    "FPALBERT407": {
      "train_accuracy": 1.0,
      "test_accuracy": 0.9957627118644068,
      "test_precision": 1.0,
      "test_recall": 0.95,
      "test_f1": 0.9743589743589743,
      "n_positive": 100,
      "n_negative": 1080,
      "n_train": 944,
      "n_test": 236,
      "class_weight_positive": 5.9,
      "class_weight_negative": 0.5462962962962963
    },
    "FPHAYAOM873": {
      "train_accuracy": 0.9978813559322034,
      "test_accuracy": 0.9957627118644068,
      "test_precision": 0.9523809523809523,
      "test_recall": 1.0,
      "test_f1": 0.975609756097561,
      "n_positive": 100,
      "n_negative": 1080,
      "n_train": 944,
      "n_test": 236,
      "class_weight_positive": 5.9,
      "class_weight_negative": 0.5462962962962963
    },
    "FPISAACN286": {
      "train_accuracy": 1.0,
      "test_accuracy": 0.9957627118644068,
      "test_precision": 1.0,
      "test_recall": 0.9166666666666666,
      "test_f1": 0.9565217391304348,
      "n_positive": 60,
      "n_negative": 1120,
      "n_train": 944,
      "n_test": 236,
      "class_weight_positive": 9.833333333333334,
      "class_weight_negative": 0.5267857142857143
    },
    "FPLIONEL285": {
      "train_accuracy": 0.9904661016949152,
      "test_accuracy": 0.9872881355932204,
      "test_precision": 0.9310344827586207,
      "test_recall": 0.9642857142857143,
      "test_f1": 0.9473684210526315,
      "n_positive": 140,
      "n_negative": 1040,
      "n_train": 944,
      "n_test": 236,
      "class_weight_positive": 4.214285714285714,
      "class_weight_negative": 0.5673076923076923
    },
    "FPMAHMOU123": {
      "train_accuracy": 0.9989406779661016,
      "test_accuracy": 0.9957627118644068,
      "test_precision": 1.0,
      "test_recall": 0.9642857142857143,
      "test_f1": 0.9818181818181818,
      "n_positive": 140,
      "n_negative": 1040,
      "n_train": 944,
      "n_test": 236,
      "class_weight_positive": 4.214285714285714,
      "class_weight_negative": 0.5673076923076923
    },
    "FPMOUSAT551": {
      "train_accuracy": 0.9851694915254238,
      "test_accuracy": 0.9745762711864406,
      "test_precision": 0.8,
      "test_recall": 1.0,
      "test_f1": 0.8888888888888888,
      "n_positive": 120,
      "n_negative": 1060,
      "n_train": 944,
      "n_test": 236,
      "class_weight_positive": 4.916666666666667,
      "class_weight_negative": 0.5566037735849056
    },
    "FPNELSON772": {
      "train_accuracy": 0.989406779661017,
      "test_accuracy": 0.9915254237288136,
      "test_precision": 0.9230769230769231,
      "test_recall": 1.0,
      "test_f1": 0.96,
      "n_positive": 120,
      "n_negative": 1060,
      "n_train": 944,
      "n_test": 236,
      "class_weight_positive": 4.916666666666667,
      "class_weight_negative": 0.5566037735849056
    },
    "FPSHAHRU558": {
      "train_accuracy": 0.9978813559322034,
      "test_accuracy": 1.0,
      "test_precision": 1.0,
      "test_recall": 1.0,
      "test_f1": 1.0,
      "n_positive": 80,
      "n_negative": 1100,
      "n_train": 944,
      "n_test": 236,
      "class_weight_positive": 7.375,
      "class_weight_negative": 0.5363636363636364
    }
  },
  "classifier_path": "/home/mohamed/Code/Vision-Based-Class-Attendance-System/backend/classifiers/classifier.pkl",
  "classifier_type": "binary_per_student"
}